Player ID,,,,
*03e75*,,,,
*031m2*,,,,
*04kj6*,,,,
*01enh*,,,,
*01eo6*,,,,
*001aw*,,,,
*02nf6*,,,,
*03xmv*,,,,
*04qrk*,,,,
*03al2*,,,,
*0011e*,,,,
*042n7*,,,,
*03ad3*,,,,
*02nf3*,,,,
*04ewf*,,,,
*027oj*,,,,
*005kc*,,,,
*051oh*,,,,
*01uyj*,,,,
*02nf1*,,,,
*027p0*,,,,
*027pe*,,,,
*02xg9*,,,,
*03ams*,,,,
*049kd*,,,,
*027oo*,,,,
*03nwm*,,,,
*04qrr*,,,,
*05qto*,,,,
*02ng3*,,,,
*04848*,,,,
*04ewe*,,,,
*03ajv*,,,,
*049kb*,,,,
*0017e*,,,,
*03lls*,,,,
*042n1*,,,,
*051oi*,,,,
*05qug*,,,,
*04ewn*,,,,
*03el5*,,,,
*04qro*,,,,
*04ewm*,,,,
*031lx*,,,,
*02nfz*,,,,
*042nq*,,,,
*01eon*,,,,
*051pa*,,,,
*03e6n*,,,,
*03ad4*,,,,
*049ka*,,,,
*02ym0*,,,,
*04ewk*,,,,
*051oj*,,,,
*03nwq*,,,,
*05uie*,,,,
*05uib*,,,,
*01eo9*,,,,
*027p4*,,,,
*04qrm*,,,,
*042nm*,,,,
*03ad2*,,,,
*01uz7*,,,,
*027os*,,,,
*0496e*,,,,
*05uif*,,,,
*04fj8*,,,,
*04qrp*,,,,
*04qrj*,,,,
*03aq2*,,,,
*0015b*,,,,
*03r7z*,,,,
*042n3*,,,,
*027ou*,,,,
*03e6s*,,,,
*04s00*,,,,
*042nw*,,,,
*03e6u*,,,,
*000zv*,,,,
*03al0*,,,,
*04qrn*,,,,
*03nwl*,,,,
*04ewt*,,,,
*042n6*,,,,
*05uic*,,,,
*01ens*,,,,
*02nf9*,,,,
*03al1*,,,,
*04qse*,,,,
*042ne*,,,,
*051ot*,,,,
*005ki*,,,,
*05uj1*,,,,
*03lg1*,,,,
*04qs4*,,,,
*0015e*,,,,
*05qtm*,,,,
*03e74*,,,,
*027oz*,,,,
*05qtv*,,,,
*06210*,,,,
*01sc8*,,,,
*051ol*,,,,
*05qsq*,,,,
*051p8*,,,,
*05uid*,,,,
*05qt3*,,,,
*02nf7*,,,,
*05uiq*,,,,
*042n4*,,,,
*03nwn*,,,,
*051p9*,,,,
*05qtr*,,,,
*031lz*,,,,
*05qty*,,,,
*04ewr*,,,,
*04ewu*,,,,
*05qub*,,,,
*04azw*,,,,
*059ca*,,,,
*0621l*,,,,
*04qsa*,,,,
*05qt0*,,,,
*04qrl*,,,,
*05uig*,,,,
*04qsi*,,,,
*06212*,,,,
*04qsd*,,,,
*05uii*,,,,
*051os*,,,,
*06213*,,,,
*05qtq*,,,,
*06214*,,,,
*051p1*,,,,
*05uj0*,,,,
*03nwk*,,,,
*042nt*,,,,
*042nf*,,,,
*049s6*,,,,
*027ov*,,,,
*005kd*,,,,
*05qu1*,,,,
*049kf*,,,,
*06215*,,,,
*049ki*,,,,
*038xi*,,,,
*031m9*,,,,
*04qs1*,,,,
*02ng4*,,,,
*051or*,,,,
*06cch*,,,,
*051pi*,,,,
*06cca*,,,,
*051pb*,,,,
*05qst*,,,,
*06211*,,,,
*05uus*,,,,
*05qtt*,,,,
*06cdn*,,,,
*0621b*,,,,
*06218*,,,,
*06216*,,,,
*031m4*,,,,
*03aq3*,,,,
*031lv*,,,,
*06mk1*,,,,
*05uiu*,,,,
*0621c*,,,,
*05qu9*,,,,
*06mjt*,,,,
*04ex6*,,,,
*051on*,,,,
*06217*,,,,
*06ca8*,,,,
*06mk9*,,,,
*05qtj*,,,,
*05uih*,,,,
*0621e*,,,,
*04qru*,,,,
*051op*,,,,
*0527h*,,,,
*03ad0*,,,,
*06cby*,,,,
*031m0*,,,,
*04qry*,,,,
*06ccv*,,,,
*06cc8*,,,,
*05uj9*,,,,
*06cc2*,,,,
*05uir*,,,,
*06mju*,,,,
*06cc7*,,,,
*06mk3*,,,,
*06cbx*,,,,
*03wr4*,,,,
0,,,,
